num_threads;method;num_iterations;elapsed_time
1;single;100;0.00099999988378840499
2;static;100;0.04669999998441198841
2;dynamic;100;0.00309999995806720108
2;guided;100;0.00240000008489005268
3;static;100;0.03510000033202231862
3;dynamic;100;0.01029999975799000822
3;guided;100;0.00279999994745594449
4;static;100;0.04380000018500140868
4;dynamic;100;0.00600000021222513169
4;guided;100;0.00589999990552314557
5;static;100;0.04170000011072261259
5;dynamic;100;0.00860000000102445483
5;guided;100;0.00600000021222513169
6;static;100;0.03969999988839845173
6;dynamic;100;0.00799999997980194166
6;guided;100;0.00259999978879932314
7;static;100;0.05459999965751194395
7;dynamic;100;0.02489999997123959474
7;guided;100;0.00909999971554498188
8;static;100;0.25120000009337672964
8;dynamic;100;0.01080000038200523704
8;guided;100;0.00339999996867845766
9;static;100;0.10780000002341694199
9;dynamic;100;0.17680000019026920199
9;guided;100;0.18080000018017017283
10;static;100;0.31509999962509027682
10;dynamic;100;0.24099999973259400576
10;guided;100;0.19370000018170685507
11;static;100;0.30070000002524466254
11;dynamic;100;0.27520000003278255463
11;guided;100;0.33119999989139614627
12;static;100;0.34860000005210167728
12;dynamic;100;0.35269999989395728335
12;guided;100;0.23269999974218080752
13;static;100;0.30819999983577872626
13;dynamic;100;0.30640000022685853764
13;guided;100;0.43330000016794656403
14;static;100;0.31289999969885684550
14;dynamic;100;0.14590000000680447556
14;guided;100;0.27279999994789250195
15;static;100;0.31530000023849424906
15;dynamic;100;0.29669999958059634082
15;guided;100;0.29099999983372981660
16;static;100;0.32160000000658328645
16;dynamic;100;0.31149999995250254869
16;guided;100;0.30830000014248071238
1;single;10000;0.05220000002736924216
2;static;10000;0.21350000042730243877
2;dynamic;10000;0.19470000006549526006
2;guided;10000;0.18920000002253800631
3;static;10000;0.16390000018873251975
3;dynamic;10000;0.12830000014218967408
3;guided;10000;0.07959999993545352481
4;static;10000;0.14360000022861640900
4;dynamic;10000;0.17369999977745465003
4;guided;10000;0.15859999984968453646
5;static;10000;0.14770000007047201507
5;dynamic;10000;0.12359999982436420396
5;guided;10000;0.12640000022656749934
6;static;10000;0.18360000012762611732
6;dynamic;10000;0.17220000017914571799
6;guided;10000;0.13760000001639127731
7;static;10000;0.19279999969512573443
7;dynamic;10000;0.17799999977796687745
7;guided;10000;0.14049999981580185704
8;static;10000;2.97469999986788025126
8;dynamic;10000;1.60649999997986014932
8;guided;10000;0.69159999975454411469
9;static;10000;0.32540000029257498682
9;dynamic;10000;0.26569999999992433004
9;guided;10000;0.33819999998740968294
10;static;10000;0.25319999986095353961
10;dynamic;10000;0.19620000011855154298
10;guided;10000;0.42249999978594132699
11;static;10000;0.27450000015960540622
11;dynamic;10000;0.64750000001367880031
11;guided;10000;0.31490000037592835724
12;static;10000;0.26249999973515514284
12;dynamic;10000;0.23819999978513806127
12;guided;10000;0.31979999994291574694
13;static;10000;0.26569999999992433004
13;dynamic;10000;0.29790000007778871804
13;guided;10000;0.23599999985890462995
14;static;10000;0.28839999959018314257
14;dynamic;10000;0.26010000010501244105
14;guided;10000;0.44939999997950508259
15;static;10000;0.32809999993332894519
15;dynamic;10000;0.35299999990456853993
15;guided;10000;0.24609999991298536770
16;static;10000;0.33549999989190837368
16;dynamic;10000;0.36779999982172739692
16;guided;10000;0.44759999991583754309
1;single;1000000;7.22660000019459403120
2;static;1000000;12.16059999978824635036
2;dynamic;1000000;18.07749999989027855918
2;guided;1000000;16.83980000007068156265
3;static;1000000;12.69379999985176254995
3;dynamic;1000000;15.07549999996626866050
3;guided;1000000;14.07810000000608852133
4;static;1000000;14.69069999984640162438
4;dynamic;1000000;16.17400000031921081245
4;guided;1000000;13.58110000001033768058
5;static;1000000;13.25660000020434381440
5;dynamic;1000000;15.57479999974020756781
5;guided;1000000;13.64150000017616548575
6;static;1000000;14.13370000000213622116
6;dynamic;1000000;15.74969999956010724418
6;guided;1000000;14.77099999965503229760
7;static;1000000;15.01430000007530907169
7;dynamic;1000000;16.94789999964996241033
7;guided;1000000;15.25810000021010637283
8;static;1000000;16.02140000022700405680
8;dynamic;1000000;17.84950000001117587090
8;guided;1000000;17.24309999963224981911
9;static;1000000;18.22709999987637274899
9;dynamic;1000000;18.79439999993337551132
9;guided;1000000;18.42090000036478159018
10;static;1000000;17.82820000016727135517
10;dynamic;1000000;19.29520000021511805244
10;guided;1000000;18.05220000005647307262
11;static;1000000;18.06560000022727763280
11;dynamic;1000000;18.76369999990856740624
11;guided;1000000;18.46929999965141178109
12;static;1000000;17.91510000020934967324
12;dynamic;1000000;19.28319999979066778906
12;guided;1000000;18.15089999990959768184
13;static;1000000;17.38269999987096525729
13;dynamic;1000000;19.77080000006026239134
13;guided;1000000;18.25479999979506828822
14;static;1000000;17.60259999991831136867
14;dynamic;1000000;19.27079999995839898475
14;guided;1000000;18.58090000041556777433
15;static;1000000;18.23109999986627371982
15;dynamic;1000000;19.69840000037947902456
15;guided;1000000;18.23349999995116377249
16;static;1000000;18.94369999990885844454
16;dynamic;1000000;18.52989999997589620762
16;guided;1000000;18.70439999993322999217
1;single;100;0.00090000003183376975
2;static;100;0.18579999959911219776
2;dynamic;100;0.00520000003234599717
2;guided;100;0.00259999978879932314
3;static;100;0.16490000007252092473
3;dynamic;100;0.00249999993684468791
3;guided;100;0.00610000006417976692
4;static;100;0.02889999996114056557
4;dynamic;100;0.01820000034058466554
4;guided;100;0.00670000008540228009
5;static;100;0.02959999983431771398
5;dynamic;100;0.02029999996011611074
5;guided;100;0.01119999978982377797
6;static;100;0.03140000035273260437
6;dynamic;100;0.00650000038149300963
6;guided;100;0.00559999989491188899
7;static;100;0.03680000008898787200
7;dynamic;100;0.00540000019100261852
7;guided;100;0.01199999996970291249
8;static;100;0.04660000013245735317
8;dynamic;100;0.00719999979992280714
8;guided;100;0.00349999982063309290
9;static;100;0.10180000026593916118
9;dynamic;100;0.17290000005232286640
9;guided;100;0.17070000012608943507
10;static;100;0.21519999972952064127
10;dynamic;100;0.19100000008620554581
10;guided;100;0.10229999998045968823
11;static;100;0.22140000010040239431
11;dynamic;100;0.19900000006600748748
11;guided;100;0.21050000032118987292
12;static;100;0.26909999996860278770
12;dynamic;100;0.23060000012264936231
12;guided;100;0.22659999967800104059
13;static;100;0.26200000002063461579
13;dynamic;100;0.26119999984075548127
13;guided;100;0.25389999973413068801
14;static;100;0.28729999985444010235
14;dynamic;100;0.27080000018031569198
14;guided;100;0.27730000010706135072
15;static;100;0.30659999993076780811
15;dynamic;100;0.30090000018390128389
15;guided;100;0.29580000000350992195
16;static;100;0.34129999994547688402
16;dynamic;100;0.31940000008034985512
16;guided;100;0.31369999987873598002
1;single;10000;0.04459999991013319232
2;static;10000;0.17109999998865532689
2;dynamic;10000;0.18760000011752708815
2;guided;10000;0.18979999958901316859
3;static;10000;0.15519999988100607879
3;dynamic;10000;0.17299999990427750163
3;guided;10000;0.11379999978089472279
4;static;10000;0.19889999975930550136
4;dynamic;10000;0.13940000008005881682
4;guided;10000;0.13829999988956842571
5;static;10000;0.19040000006498303264
5;dynamic;10000;0.28509999992820667103
5;guided;10000;0.22709999984726891853
6;static;10000;0.19579999980123830028
6;dynamic;10000;0.19490000022415188141
6;guided;10000;0.16970000024230103008
7;static;10000;0.23169999985839240253
7;dynamic;10000;0.16509999977643019520
7;guided;10000;0.12609999976120889187
8;static;10000;0.14120000014372635633
8;dynamic;10000;0.15919999987090704963
8;guided;10000;0.33570000005056499504
9;static;10000;0.25589999995645484887
9;dynamic;10000;0.26440000010552466847
9;guided;10000;0.26460000026418128982
10;static;10000;0.23920000012367381714
10;dynamic;10000;0.25310000000899890438
10;guided;10000;0.16050000022005406208
11;static;10000;0.25230000028386712074
11;dynamic;10000;0.35010000010515796021
11;guided;10000;0.18079999972542282194
12;static;10000;0.25800000003073364496
12;dynamic;10000;0.32240000018646242097
12;guided;10000;0.35739999975703540258
13;static;10000;0.26530000013735843822
13;dynamic;10000;0.29059999997116392478
13;guided;10000;0.30700000024808105081
14;static;10000;0.28519999978016130626
14;dynamic;10000;0.34980000009454670362
14;guided;10000;0.28160000010757357813
15;static;10000;0.30829999968773336150
15;dynamic;10000;0.36480000017036218196
15;guided;10000;0.22649999982604640536
16;static;10000;0.33549999989190837368
16;dynamic;10000;0.31480000006922637112
16;guided;10000;0.30509999987771152519
1;single;1000000;4.49740000021847663447
2;static;1000000;16.79949999970631324686
2;dynamic;1000000;11.42530000015540281311
2;guided;1000000;10.28859999996711849235
3;static;1000000;10.03479999963019508868
3;dynamic;1000000;12.04069999994317186065
3;guided;1000000;9.37900000008085044101
4;static;1000000;13.47100000020873267204
4;dynamic;1000000;13.83230000010371441022
4;guided;1000000;13.32520000005388283171
5;static;1000000;14.62059999994380632415
5;dynamic;1000000;17.52480000004652538337
5;guided;1000000;16.12299999987953924574
6;static;1000000;16.99659999985669855960
6;dynamic;1000000;17.18489999984740279615
6;guided;1000000;16.01119999986622133292
7;static;1000000;15.81549999991693766788
7;dynamic;1000000;17.28520000006028567441
7;guided;1000000;16.53420000002370215952
8;static;1000000;15.44190000004164176062
8;dynamic;1000000;17.77059999994889949448
8;guided;1000000;16.30119999981616274454
9;static;1000000;16.34740000008605420589
9;dynamic;1000000;18.24179999994157697074
9;guided;1000000;17.87629999989803764038
10;static;1000000;17.34180000039486913010
10;dynamic;1000000;18.85579999998299172148
10;guided;1000000;18.37620000014794641174
11;static;1000000;17.91129999992335797288
11;dynamic;1000000;19.05010000018592108972
11;guided;1000000;18.26149999988047056831
12;static;1000000;17.94259999996938859113
12;dynamic;1000000;19.27349999959915294312
12;guided;1000000;18.40809999976045219228
13;static;1000000;17.76059999974677339196
13;dynamic;1000000;19.52990000017962302081
13;guided;1000000;18.37930000010601361282
14;static;1000000;18.28030000024227774702
14;dynamic;1000000;19.36699999987467890605
14;guided;1000000;18.20499999985258909874
15;static;1000000;17.80329999974128440954
15;dynamic;1000000;19.54139999998005805537
15;guided;1000000;17.54170000003796303645
16;static;1000000;17.89460000009057694115
16;dynamic;1000000;19.15910000025178305805
16;guided;1000000;17.68790000005537876859
1;single;100;0.00070000032792449929
2;static;100;0.20229999972798395902
2;dynamic;100;0.00309999995806720108
2;guided;100;0.00279999994745594449
3;static;100;0.04110000008950009942
3;dynamic;100;0.00900000031833769754
3;guided;100;0.02660000018295249902
4;static;100;0.03319999996165279299
4;dynamic;100;0.00560000034965923987
4;guided;100;0.00689999978931155056
5;static;100;0.03620000006776535884
5;dynamic;100;0.00730000010662479326
5;guided;100;0.00679999993735691532
6;static;100;0.02900000026784255169
6;dynamic;100;0.02040000026681809686
6;guided;100;0.01199999996970291249
7;static;100;0.03379999998287530616
7;dynamic;100;0.00819999968371121213
7;guided;100;0.00549999958820990287
8;static;100;0.03059999971810611896
8;dynamic;100;0.00610000006417976692
8;guided;100;0.00360000012733507901
9;static;100;0.08429999979853164405
9;dynamic;100;0.16989999994621030055
9;guided;100;0.17010000010486692190
10;static;100;0.21429999969768687151
10;dynamic;100;0.18799999998009297997
10;guided;100;0.20009999980175052769
11;static;100;0.23969999983819434419
11;dynamic;100;0.20850000009886571206
11;guided;100;0.20799999992959783413
12;static;100;0.26549999984126770869
12;dynamic;100;0.22749999970983481035
12;guided;100;0.23180000016509438865
13;static;100;0.27980000004390603863
13;dynamic;100;0.25009999990288633853
13;guided;100;0.24970000004032044671
14;static;100;0.29959999983475427143
14;dynamic;100;0.14310000005934853107
14;guided;100;0.29079999967507319525
15;static;100;0.31470000021727173589
15;dynamic;100;0.28870000005554175004
15;guided;100;0.28939999992871889845
16;static;100;0.32779999992271768861
16;dynamic;100;0.30960000003688037395
16;guided;100;0.30930000002626911737
1;single;10000;0.04439999975147657096
2;static;10000;0.19090000023425091058
2;dynamic;10000;0.18130000034943805076
2;guided;10000;0.18520000003263703547
3;static;10000;0.16619999996692058630
3;dynamic;10000;0.15289999964807066135
3;guided;10000;0.10169999995923717506
4;static;10000;0.17660000003161258064
4;dynamic;10000;0.17130000014731194824
4;guided;10000;0.15040000016597332433
5;static;10000;0.11809999978140695021
5;dynamic;10000;0.13510000007954658940
5;guided;10000;0.13020000005781184882
6;static;10000;0.17929999967236653902
6;dynamic;10000;0.17320000006293412298
6;guided;10000;0.15990000019883154891
7;static;10000;0.16770000001997686923
7;dynamic;10000;0.15600000006088521332
7;guided;10000;0.14129999999568099156
8;static;10000;0.19549999979062704369
8;dynamic;10000;0.17789999992601224221
8;guided;10000;0.16929999992498778738
9;static;10000;0.18569999974715756252
9;dynamic;10000;0.29959999983475427143
9;guided;10000;0.24220000022978638299
10;static;10000;0.22720000015397090465
10;dynamic;10000;0.27700000009645009413
10;guided;10000;0.19949999978052801453
11;static;10000;0.22760000001653679647
11;dynamic;10000;0.33330000042042229325
11;guided;10000;0.22020000005795736797
12;static;10000;0.25980000009440118447
12;dynamic;10000;0.20249999988664058037
12;guided;10000;0.27099999988422496244
13;static;10000;0.26220000017929123715
13;dynamic;10000;0.41850000025078770705
13;guided;10000;0.19800000018221908249
14;static;10000;0.29479999966497416608
14;dynamic;10000;0.23830000009184004739
14;guided;10000;0.33679999978630803525
15;static;10000;0.30930000002626911737
15;dynamic;10000;0.48509999987800256349
15;guided;10000;0.25550000009388895705
16;static;10000;0.34219999997731065378
16;dynamic;10000;0.31359999957203399390
16;guided;10000;0.30799999967712210491
1;single;1000000;6.10520000009273644537
2;static;1000000;17.74209999985032482073
2;dynamic;1000000;17.18140000002676970325
2;guided;1000000;18.84749999999257852323
3;static;1000000;13.88739999993049423210
3;dynamic;1000000;13.63020000007963972166
3;guided;1000000;10.58239999974830425344
4;static;1000000;13.49940000000060535967
4;dynamic;1000000;16.77240000026358757168
4;guided;1000000;15.53190000004178727977
5;static;1000000;15.23290000022825552151
5;dynamic;1000000;17.59429999992789817043
5;guided;1000000;15.07930000025226036087
6;static;1000000;16.81939999980386346579
6;dynamic;1000000;17.44630000030156224966
6;guided;1000000;16.58040000029359362088
7;static;1000000;17.17129999997268896550
7;dynamic;1000000;17.33169999988604104146
7;guided;1000000;17.40289999997912673280
8;static;1000000;16.83499999990090145729
8;dynamic;1000000;20.57939999986047041602
8;guided;1000000;18.75960000006671180017
9;static;1000000;18.39690000042537576519
9;dynamic;1000000;19.18480000040290178731
9;guided;1000000;18.39819999986502807587
10;static;1000000;17.96409999997194972821
10;dynamic;1000000;19.13059999969846103340
10;guided;1000000;17.81449999998585553840
11;static;1000000;17.67659999995885300450
11;dynamic;1000000;18.58990000027915812097
11;guided;1000000;17.25369999985559843481
12;static;1000000;17.41310000033990945667
12;dynamic;1000000;19.03509999965535826050
12;guided;1000000;17.55550000007133348845
13;static;1000000;18.31700000002456363291
13;dynamic;1000000;19.13729999978386331350
13;guided;1000000;18.18180000009306240827
14;static;1000000;17.70880000003671739250
14;dynamic;1000000;19.28369999995993566699
14;guided;1000000;18.16079999980502179824
15;static;1000000;17.88110000006781774573
15;dynamic;1000000;19.14369999985865433700
15;guided;1000000;18.51839999972071382217
16;static;1000000;17.18550000032337266020
16;dynamic;1000000;19.89390000017010606825
16;guided;1000000;17.45220000020708539523
1;single;100;0.00099999988378840499
2;static;100;0.18170000021200394258
2;dynamic;100;0.00339999996867845766
2;guided;100;0.00279999994745594449
3;static;100;0.06859999984953901730
3;dynamic;100;0.00670000008540228009
3;guided;100;0.00260000024354667403
4;static;100;0.03160000005664187483
4;dynamic;100;0.00930000032894895412
4;guided;100;0.00520000003234599717
5;static;100;0.03299999980299617164
5;dynamic;100;0.01850000035119592212
5;guided;100;0.01909999991767108440
6;static;100;0.02960000028906506486
6;dynamic;100;0.00799999997980194166
6;guided;100;0.01900000006571644917
7;static;100;0.03939999987778719515
7;dynamic;100;0.00600000021222513169
7;guided;100;0.00490000002173474059
8;static;100;0.04910000006930204108
8;dynamic;100;0.02039999981207074597
8;guided;100;0.01970000039364094846
9;static;100;0.09789999967324547470
9;dynamic;100;0.16809999988254276104
9;guided;100;0.16689999984009773470
10;static;100;0.22059999992052325979
10;dynamic;100;0.10340000017095007934
10;guided;100;0.18510000018068240024
11;static;100;0.22550000039700535126
11;dynamic;100;0.23580000015499535948
11;guided;100;0.21139999989827629179
12;static;100;0.24129999974320526235
12;dynamic;100;0.23140000030252849683
12;guided;100;0.23129999999582651071
13;static;100;0.27640000007522758096
13;dynamic;100;0.24950000033641117625
13;guided;100;0.25959999993574456312
14;static;100;0.29129999984434107319
14;dynamic;100;0.27009999985239119269
14;guided;100;0.26939999997921404429
15;static;100;0.32319999991159420460
15;dynamic;100;0.15439999970112694427
15;guided;100;0.29240000003483146429
16;static;100;0.32979999969029449858
16;dynamic;100;0.31619999981558066793
16;guided;100;0.30939999987822375260
1;single;10000;0.04450000005817855708
2;static;10000;0.20260000019334256649
2;dynamic;10000;0.18189999991591321304
2;guided;10000;0.17860000025393674150
3;static;10000;0.15310000026147463359
3;dynamic;10000;0.11309999990771757439
3;guided;10000;0.08630000002085580491
4;static;10000;0.17539999998916755430
4;dynamic;10000;0.17249999973500962369
4;guided;10000;0.15069999972183723003
5;static;10000;0.18599999975776881911
5;dynamic;10000;0.15540000003966270015
5;guided;10000;0.10560000009718351066
6;static;10000;0.17939999997906852514
6;dynamic;10000;0.15849999999772990122
6;guided;10000;0.13679999983651214279
7;static;10000;0.18580000005385954864
7;dynamic;10000;0.16270000014628749341
7;guided;10000;0.14060000012250384316
8;static;10000;0.19029999975828104652
8;dynamic;10000;0.17920000027515925467
8;guided;10000;0.15949999988151830621
9;static;10000;0.21040000001448788680
9;dynamic;10000;0.28869999960079439916
9;guided;10000;0.18609999960972345434
10;static;10000;0.20589999985531903803
10;dynamic;10000;0.29270000004544272088
10;guided;10000;0.20480000011957599781
11;static;10000;0.25480000022071180865
11;dynamic;10000;0.27409999984229216352
11;guided;10000;0.31970000009096111171
12;static;10000;0.25820000018939026631
12;dynamic;10000;0.25980000009440118447
12;guided;10000;0.29589999985546455719
13;static;10000;0.28470000006564077921
13;dynamic;10000;0.30809999998382409103
13;guided;10000;0.15020000000731670298
14;static;10000;0.28820000034102122299
14;dynamic;10000;0.39860000015323748812
14;guided;10000;0.35819999993691453710
15;static;10000;0.30990000004749163054
15;dynamic;10000;0.30199999991964432411
15;guided;10000;0.22730000000592553988
16;static;10000;0.34039999991364311427
16;dynamic;10000;0.36890000001221778803
16;guided;10000;0.36440000030779629014
1;single;1000000;4.51299999986076727509
2;static;1000000;19.00449999993725214154
2;dynamic;1000000;17.89860000008047791198
2;guided;1000000;18.35870000013528624550
3;static;1000000;12.25899999963075970300
3;dynamic;1000000;11.78719999961685971357
3;guided;1000000;10.77809999969758791849
4;static;1000000;15.78109999991283984855
4;dynamic;1000000;17.37549999961629509926
4;guided;1000000;14.87309999993158271536
5;static;1000000;15.98990000002231681719
5;dynamic;1000000;17.11410000007163034752
5;guided;1000000;15.29309999978067935444
6;static;1000000;16.79999999987558112480
6;dynamic;1000000;17.99769999979616841301
6;guided;1000000;16.99800000005780020729
7;static;1000000;16.80440000018279533833
7;dynamic;1000000;17.63970000001791049726
7;guided;1000000;16.83929999990141368471
8;static;1000000;16.77680000011605443433
8;dynamic;1000000;19.62649999995846883394
8;guided;1000000;18.95939999985785107128
9;static;1000000;17.46709999997619888745
9;dynamic;1000000;19.09699999987424234860
9;guided;1000000;18.02989999987403280102
10;static;1000000;16.75530000011349329725
10;dynamic;1000000;18.99839999987307237461
10;guided;1000000;18.58760000004622270353
11;static;1000000;17.45709999977407278493
11;dynamic;1000000;19.45029999978942214511
11;guided;1000000;18.43849999977464904077
12;static;1000000;18.34870000038790749386
12;dynamic;1000000;19.42460000009305076674
12;guided;1000000;18.09890000004088506103
13;static;1000000;18.09180000009291688912
13;dynamic;1000000;19.47670000026846537367
13;guided;1000000;17.95850000007703783922
14;static;1000000;18.05629999989832867868
14;dynamic;1000000;19.44159999993644305505
14;guided;1000000;17.87779999995109392330
15;static;1000000;17.56750000004103640094
15;dynamic;1000000;19.33859999962805886753
15;guided;1000000;18.05370000010952935554
16;static;1000000;17.59499999980107531883
16;dynamic;1000000;20.22399999987101182342
16;guided;1000000;17.99959999971179058775
1;single;100;0.00079999972513178363
2;static;100;0.25359999972351943143
2;dynamic;100;0.00279999994745594449
2;guided;100;0.00240000008489005268
3;static;100;0.05879999980606953613
3;dynamic;100;0.00310000041281455196
3;guided;100;0.00640000007479102351
4;static;100;0.02990000029967632145
4;dynamic;100;0.01849999989644857123
4;guided;100;0.00259999978879932314
5;static;100;0.02940000013040844351
5;dynamic;100;0.00679999993735691532
5;guided;100;0.00480000016978010535
6;static;100;0.04450000005817855708
6;dynamic;100;0.00329999966197647154
6;guided;100;0.01259999999092542566
7;static;100;0.05450000026030465961
7;dynamic;100;0.00630000022283638828
7;guided;100;0.00599999975747778080
8;static;100;0.03790000027947826311
8;dynamic;100;0.01979999979084823281
8;guided;100;0.00339999996867845766
9;static;100;0.10599999995974940248
9;dynamic;100;0.17439999965063179843
9;guided;100;0.16999999979816493578
10;static;100;0.21790000027976930141
10;dynamic;100;0.10280000014972756617
10;guided;100;0.18939999972644727677
11;static;100;0.22600000011152587831
11;dynamic;100;0.20619999986593029462
11;guided;100;0.21079999987705377862
12;static;100;0.24110000003929599188
12;dynamic;100;0.22669999998470302671
12;guided;100;0.22609999996348051354
13;static;100;0.27159999990544747561
13;dynamic;100;0.25649999997767736204
13;guided;100;0.25049999976545223035
14;static;100;0.27929999987463816069
14;dynamic;100;0.26680000019041472115
14;guided;100;0.26630000002114684321
15;static;100;0.31960000023900647648
15;dynamic;100;0.29059999997116392478
15;guided;100;0.29080000012982054614
16;static;100;0.34159999995608814061
16;dynamic;100;0.31510000007983762771
16;guided;100;0.31179999996311380528
1;single;10000;0.04440000020622392185
2;static;10000;0.20589999985531903803
2;dynamic;10000;0.18160000036004930735
2;guided;10000;0.18449999970471253619
3;static;10000;0.17060000027413479984
3;dynamic;10000;0.11860000040542217903
3;guided;10000;0.11199999971722718328
4;static;10000;0.17109999998865532689
4;dynamic;10000;0.19979999979113927111
4;guided;10000;0.17640000032770331018
5;static;10000;0.15170000006037298590
5;dynamic;10000;0.12250000008862116374
5;guided;10000;0.12139999989813077264
6;static;10000;0.17119999984060996212
6;dynamic;10000;0.18449999970471253619
6;guided;10000;0.14449999980570282787
7;static;10000;0.17109999998865532689
7;dynamic;10000;0.17460000026403577067
7;guided;10000;0.16969999978755367920
8;static;10000;0.18259999978909036145
8;dynamic;10000;0.17589999970368808135
8;guided;10000;0.17380000008415663615
9;static;10000;0.19350000002305023372
9;dynamic;10000;0.30010000000402214937
9;guided;10000;0.21079999987705377862
10;static;10000;0.21040000001448788680
10;dynamic;10000;0.23869999995440593921
10;guided;10000;0.28400000019246363081
11;static;10000;0.22699999999531428330
11;dynamic;10000;0.21400000014182296582
11;guided;10000;0.31600000011167139746
12;static;10000;0.26409999964016606100
12;dynamic;10000;0.18980000004376051947
12;guided;10000;0.20410000024639884941
13;static;10000;0.26800000023285974748
13;dynamic;10000;0.31829999988985946402
13;guided;10000;0.24589999975432874635
14;static;10000;0.28539999993881792761
14;dynamic;10000;0.30309999965538736433
14;guided;10000;0.26849999994738027453
15;static;10000;0.30839999999443534762
15;dynamic;10000;0.28280000015001860447
15;guided;10000;0.29020000010859803297
16;static;10000;0.32610000016575213522
16;dynamic;10000;0.42930000017804559320
16;guided;10000;0.21650000007866765372
1;single;1000000;4.45059999992736265995
2;static;1000000;18.85630000015225959942
2;dynamic;1000000;17.81000000028143404052
2;guided;1000000;18.94959999981438159011
3;static;1000000;13.22119999986171023920
3;dynamic;1000000;14.82639999994717072695
3;guided;1000000;12.95119999986127368174
4;static;1000000;13.04609999988315394148
4;dynamic;1000000;16.83460000003833556548
4;guided;1000000;13.90440000022863387130
5;static;1000000;16.40680000036809360608
5;dynamic;1000000;16.90559999997276463546
5;guided;1000000;15.64879999978074920364
6;static;1000000;16.50180000024192850105
6;dynamic;1000000;17.50760000004447647370
6;guided;1000000;16.85649999990346259438
7;static;1000000;17.37920000005033216439
7;dynamic;1000000;17.76020000033895485103
7;guided;1000000;17.32249999986379407346
8;static;1000000;17.58530000006430782378
8;dynamic;1000000;21.01839999977528350428
8;guided;1000000;18.45009999988178606145
9;static;1000000;18.45779999985097674653
9;dynamic;1000000;19.50620000025082845241
9;guided;1000000;18.92360000010739895515
10;static;1000000;17.33350000040445593186
10;dynamic;1000000;18.88329999974303063937
10;guided;1000000;17.92780000005222973414
11;static;1000000;17.76910000035059056245
11;dynamic;1000000;19.13220000005821930245
11;guided;1000000;17.75079999970330391079
12;static;1000000;17.99590000018724822439
12;dynamic;1000000;19.21149999998306157067
12;guided;1000000;18.24540000006891204976
13;static;1000000;18.35220000020854058675
13;dynamic;1000000;19.70600000004196772352
13;guided;1000000;18.60710000028120703064
14;static;1000000;17.76789999985339818522
14;dynamic;1000000;19.32149999993271194398
14;guided;1000000;18.14130000002478482202
15;static;1000000;17.39159999988260096870
15;dynamic;1000000;19.65700000027936766855
15;guided;1000000;18.84249999966414179653
16;static;1000000;17.00889999983701272868
16;dynamic;1000000;19.59959999976490507834
16;guided;1000000;17.42430000012973323464
1;single;100;0.00069999987317714840
2;static;100;0.19239999983255984262
2;dynamic;100;0.00569999974686652422
2;guided;100;0.00280000040220329538
3;static;100;0.03450000031079980545
3;dynamic;100;0.00279999994745594449
3;guided;100;0.00260000024354667403
4;static;100;0.03590000005715410225
4;dynamic;100;0.00569999974686652422
4;guided;100;0.00469999986307811923
5;static;100;0.03259999994043027982
5;dynamic;100;0.00309999995806720108
5;guided;100;0.00640000007479102351
6;static;100;0.04589999980453285389
6;dynamic;100;0.01239999983226880431
6;guided;100;0.00450000015916884877
7;static;100;0.04499999977269908413
7;dynamic;100;0.01800000018192804419
7;guided;100;0.00860000000102445483
8;static;100;0.05409999994299141690
8;dynamic;100;0.00689999978931155056
8;guided;100;0.00319999981002183631
9;static;100;0.07689999983995221555
9;dynamic;100;0.17419999994672252797
9;guided;100;0.17029999980877619237
10;static;100;0.20930000027874484658
10;dynamic;100;0.18779999982143635862
10;guided;100;0.18730000010691583157
11;static;100;0.24050000001807347871
11;dynamic;100;0.21250000008876668289
11;guided;100;0.21849999984624446370
12;static;100;0.26299999990442302078
12;dynamic;100;0.22339999986797920428
12;guided;100;0.23650000002817250788
13;static;100;0.28740000016114208847
13;dynamic;100;0.25349999987156479619
13;guided;100;0.25340000001961016096
14;static;100;0.30389999983526649885
14;dynamic;100;0.27210000007471535355
14;guided;100;0.27360000012777163647
15;static;100;0.32149999969988130033
15;dynamic;100;0.16150000010384246707
15;guided;100;0.28849999989688512869
16;static;100;0.32020000026022898965
16;dynamic;100;0.31230000013238168322
16;guided;100;0.30640000022685853764
1;single;10000;0.04470000021683517843
2;static;10000;0.18810000028679496609
2;dynamic;10000;0.18440000030750525184
2;guided;10000;0.18030000001090229489
3;static;10000;0.15860000030443188734
3;dynamic;10000;0.10579999980109278113
3;guided;10000;0.09660000023359316401
4;static;10000;0.17000000025291228667
4;dynamic;10000;0.14849999979560379870
4;guided;10000;0.11119999999209539965
5;static;10000;0.14619999956266838126
5;dynamic;10000;0.14919999966878094710
5;guided;10000;0.11779999977079569362
6;static;10000;0.16800000003058812581
6;dynamic;10000;0.20510000013018725440
6;guided;10000;0.13350000017453567125
7;static;10000;0.27660000023388420232
7;dynamic;10000;0.25940000023183529265
7;guided;10000;0.11820000008810893632
8;static;10000;0.15709999979662825353
8;dynamic;10000;0.18559999989520292729
8;guided;10000;0.15630000007149646990
9;static;10000;0.25950000008378992788
9;dynamic;10000;0.26059999981953296810
9;guided;10000;0.14280000004873727448
10;static;10000;0.22420000004785833880
10;dynamic;10000;0.26980000029652728699
10;guided;10000;0.21340000012060045265
11;static;10000;0.22669999998470302671
11;dynamic;10000;0.28530000008686329238
11;guided;10000;0.24030000031416420825
12;static;10000;0.25400000004083267413
12;dynamic;10000;0.27399999999033752829
12;guided;10000;0.29379999978118576109
13;static;10000;0.26350000007369089872
13;dynamic;10000;0.26890000026469351724
13;guided;10000;0.33819999998740968294
14;static;10000;0.29780000022583408281
14;dynamic;10000;0.33780000012484379113
14;guided;10000;0.16120000009323121049
15;static;10000;0.30849999984638998285
15;dynamic;10000;0.35669999988385825418
15;guided;10000;0.34730000015770201571
16;static;10000;0.32469999996465048753
16;dynamic;10000;0.26650000017980346456
16;guided;10000;0.33050000001821899787
1;single;1000000;4.51120000025184708647
2;static;1000000;18.62799999980779830366
2;dynamic;1000000;17.65150000028370413929
2;guided;1000000;16.34220000005370820872
3;static;1000000;12.43870000007518683560
3;dynamic;1000000;13.69349999959013075568
3;guided;1000000;9.43520000009812065400
4;static;1000000;14.29850000022270251065
4;dynamic;1000000;14.96420000012221862562
4;guided;1000000;15.61219999985041795298
5;static;1000000;15.22140000042782048695
5;dynamic;1000000;16.15959999980987049639
5;guided;1000000;16.28970000001572770998
6;static;1000000;16.08450000003358582035
6;dynamic;1000000;17.72380000011253287084
6;guided;1000000;17.18399999981556902640
7;static;1000000;16.42749999973602825776
7;dynamic;1000000;17.43009999972855439410
7;guided;1000000;15.63639999994848039933
8;static;1000000;16.77829999971436336637
8;dynamic;1000000;22.44179999979678541422
8;guided;1000000;20.29059999995297403075
9;static;1000000;18.22149999998146086000
9;dynamic;1000000;19.66899999979432323016
9;guided;1000000;18.58069999980216380209
10;static;1000000;18.29559999987395713106
10;dynamic;1000000;18.83179999958883854561
10;guided;1000000;18.74319999978979467414
11;static;1000000;18.22350000020378502086
11;dynamic;1000000;18.72709999997823615558
11;guided;1000000;18.03650000010748044588
12;static;1000000;17.78310000008787028491
12;dynamic;1000000;19.21200000015232944861
12;guided;1000000;18.15000000033251126297
13;static;1000000;18.14490000015211990103
13;dynamic;1000000;19.11430000018299324438
13;guided;1000000;18.16309999958320986480
14;static;1000000;18.14150000018344144337
14;dynamic;1000000;19.53860000003260211088
14;guided;1000000;18.29429999997955746949
15;static;1000000;17.73070000035659177229
15;dynamic;1000000;19.60090000011405209079
15;guided;1000000;18.27210000010381918401
16;static;1000000;17.93719999977838597260
16;dynamic;1000000;19.22039999999469728209
16;guided;1000000;17.65139999997700215317
1;single;100;0.00080000017987913452
2;static;100;0.17340000022159074433
2;dynamic;100;0.00309999995806720108
2;guided;100;0.00320000026476918720
3;static;100;0.06020000000717118382
3;dynamic;100;0.00299999965136521496
3;guided;100;0.00679999993735691532
4;static;100;0.02869999980248394422
4;dynamic;100;0.00689999978931155056
4;guided;100;0.01689999999143765308
5;static;100;0.03570000035324483179
5;dynamic;100;0.00660000023344764486
5;guided;100;0.00570000020161387511
6;static;100;0.04079999962414149195
6;dynamic;100;0.01969999993889359757
6;guided;100;0.01239999983226880431
7;static;100;0.04020000005766632967
7;dynamic;100;0.01859999974840320647
7;guided;100;0.02110000013999524526
8;static;100;0.03710000009959912859
8;dynamic;100;0.02010000025620684028
8;guided;100;0.01849999989644857123
9;static;100;0.08939999997892300598
9;dynamic;100;0.16790000017863349058
9;guided;100;0.16770000001997686923
10;static;100;0.21699999979318818077
10;dynamic;100;0.21430000015243422240
10;guided;100;0.19160000010742805898
11;static;100;0.23640000017621787265
11;dynamic;100;0.11119999999209539965
11;guided;100;0.20829999994020909071
12;static;100;0.25879999975586542860
12;dynamic;100;0.23110000029191724025
12;guided;100;0.23370000008071656339
13;static;100;0.26170000001002335921
13;dynamic;100;0.26770000022224849090
13;guided;100;0.25000000005093170330
14;static;100;0.28279999969527125359
14;dynamic;100;0.26569999999992433004
14;guided;100;0.30200000037439167500
15;static;100;0.31509999962509027682
15;dynamic;100;0.29389999963314039633
15;guided;100;0.28969999993933015503
16;static;100;0.35290000005261390470
16;dynamic;100;0.16839999989315401763
16;guided;100;0.36790000012842938304
1;single;10000;0.05610000016531557776
2;static;10000;0.25480000022071180865
2;dynamic;10000;0.16890000006242189556
2;guided;10000;0.19109999993816018105
3;static;10000;0.14370000008057104424
3;dynamic;10000;0.09619999991627992131
3;guided;10000;0.12440000000424333848
4;static;10000;0.15490000032514217310
4;dynamic;10000;0.13260000014270190150
4;guided;10000;0.12370000013106619008
5;static;10000;0.11910000011994270608
5;dynamic;10000;0.15259999963745940477
5;guided;10000;0.10670000028767390177
6;static;10000;0.17209999987244373187
6;dynamic;10000;0.17879999995784601197
6;guided;10000;0.21700000024793553166
7;static;10000;0.18159999990530195646
7;dynamic;10000;0.28449999990698415786
7;guided;10000;0.12849999984609894454
8;static;10000;3.31950000008873757906
8;dynamic;10000;2.33830000024681794457
8;guided;10000;1.14570000005187466741
9;static;10000;0.21629999992001103237
9;dynamic;10000;0.25120000009337672964
9;guided;10000;0.21319999996194383129
10;static;10000;0.23759999976391554810
10;dynamic;10000;0.22370000033333781175
10;guided;10000;0.29080000012982054614
11;static;10000;0.24419999999736319296
11;dynamic;10000;0.21759999981441069394
11;guided;10000;0.35870000010618241504
12;static;10000;0.27379999983168090694
12;dynamic;10000;0.32650000002831802703
12;guided;10000;0.32310000005963956937
13;static;10000;0.32060000012279488146
13;dynamic;10000;0.14419999979509157129
13;guided;10000;0.37430000020322040655
14;static;10000;0.30589999960284330882
14;dynamic;10000;0.26660000003175809979
14;guided;10000;0.42269999994459794834
15;static;10000;0.33470000016677659005
15;dynamic;10000;0.41349999992235098034
15;guided;10000;0.23389999978462583385
16;static;10000;0.32969999983833986335
16;dynamic;10000;0.28720000000248546712
16;guided;10000;0.48999999989973730408
1;single;1000000;4.49409999964700546116
2;static;1000000;18.17209999990154756233
2;dynamic;1000000;17.37120000007053022273
2;guided;1000000;3.74809999993885867298
3;static;1000000;10.22640000019237049855
3;dynamic;1000000;13.14419999971505603753
3;guided;1000000;13.73329999978523119353
4;static;1000000;15.73770000004515168257
4;dynamic;1000000;17.45179999988977215253
4;guided;1000000;16.15149999997811391950
5;static;1000000;15.68980000001829466783
5;dynamic;1000000;17.41459999993821838871
5;guided;1000000;16.54829999961293651722
6;static;1000000;16.47700000012264354154
6;dynamic;1000000;18.15690000012182281353
6;guided;1000000;17.21900000029563670978
7;static;1000000;16.92539999976361286826
7;dynamic;1000000;17.33699999977034167387
7;guided;1000000;17.02000000022962922230
8;static;1000000;18.20680000037100398913
8;dynamic;1000000;18.43000000008032657206
8;guided;1000000;18.51619999979448039085
9;static;1000000;17.80830000006972113624
9;dynamic;1000000;19.60099999996600672603
9;guided;1000000;18.65420000012818491086
10;static;1000000;17.95659999970666831359
10;dynamic;1000000;19.12760000004709581845
10;guided;1000000;17.86410000022442545742
11;static;1000000;17.14719999972658115439
11;dynamic;1000000;18.62179999989166390151
11;guided;1000000;17.71479999979419517331
12;static;1000000;17.55929999990257783793
12;dynamic;1000000;20.02450000009048380889
12;guided;1000000;19.09370000021226587705
13;static;1000000;18.13660000016170670278
13;dynamic;1000000;19.35899999989487696439
13;guided;1000000;18.37109999996755504981
14;static;1000000;17.71009999993111705408
14;dynamic;1000000;19.05759999999645515345
14;guided;1000000;18.08240000036676065065
15;static;1000000;17.94250000011743395589
15;dynamic;1000000;19.43440000013652024791
15;guided;1000000;18.31200000015087425709
16;static;1000000;17.68570000012914533727
16;dynamic;1000000;19.13390000026993220672
16;guided;1000000;17.38830000022062449716
1;single;100;0.00080000017987913452
2;static;100;0.20660000018324353732
2;dynamic;100;0.00359999967258772813
2;guided;100;0.00279999994745594449
3;static;100;0.08059999981924192980
3;dynamic;100;0.00299999965136521496
3;guided;100;0.00540000019100261852
4;static;100;0.06080000002839369699
4;dynamic;100;0.00840000029711518437
4;guided;100;0.00560000034965923987
5;static;100;0.04559999979392159730
5;dynamic;100;0.00660000023344764486
5;guided;100;0.00790000012784730643
6;static;100;0.02790000007735216059
6;dynamic;100;0.00760000011723604985
6;guided;100;0.02140000015060650185
7;static;100;0.04420000004756730050
7;dynamic;100;0.00739999995857942849
7;guided;100;0.00290000025415793061
8;static;100;0.07619999996677506715
8;dynamic;100;0.01250000013897079043
8;guided;100;0.00380000028599170037
9;static;100;0.07340000001931912266
9;dynamic;100;0.17209999987244373187
9;guided;100;0.17250000018975697458
10;static;100;0.21920000017416896299
10;dynamic;100;0.19410000004427274689
10;guided;100;0.21070000002509914339
11;static;100;0.23950000013428507373
11;dynamic;100;0.11429999995016260073
11;guided;100;0.20799999992959783413
12;static;100;0.26280000020051375031
12;dynamic;100;0.22840000019641593099
12;guided;100;0.22769999986849143170
13;static;100;0.27240000008532661013
13;dynamic;100;0.24570000005041947588
13;guided;100;0.24699999994481913745
14;static;100;0.29010000025664339773
14;dynamic;100;0.28090000023439642973
14;guided;100;0.26579999985187896527
15;static;100;0.31340000032287207432
15;dynamic;100;0.28819999988627387211
15;guided;100;0.28700000029857619666
16;static;100;0.33709999979691929184
16;dynamic;100;0.16329999971276265569
16;guided;100;0.30359999982465524226
1;single;10000;0.06030000031387316994
2;static;10000;0.19320000001243897714
2;dynamic;10000;0.05600000031336094253
2;guided;10000;0.04050000006827758625
3;static;10000;0.12590000005729962140
3;dynamic;10000;0.10040000006483751349
3;guided;10000;0.11150000000270665623
4;static;10000;0.14120000014372635633
4;dynamic;10000;0.12489999971876386553
4;guided;10000;0.11420000009820796549
5;static;10000;0.16349999987141927704
5;dynamic;10000;0.12940000033268006518
5;guided;10000;0.13429999989966745488
6;static;10000;0.18439999985275790095
6;dynamic;10000;0.15240000038829748519
6;guided;10000;0.10560000009718351066
7;static;10000;0.17209999987244373187
7;dynamic;10000;0.15480000001844018698
7;guided;10000;0.15550000034636468627
8;static;10000;0.23669999973208177835
8;dynamic;10000;2.19100000003891182132
8;guided;10000;1.44950000003518653102
9;static;10000;0.22559999979421263561
9;dynamic;10000;0.36229999977877014317
9;guided;10000;0.20469999981287401170
10;static;10000;0.22530000023834872991
10;dynamic;10000;0.30909999986761249602
10;guided;10000;0.21110000034241238609
11;static;10000;0.24870000015653204173
11;dynamic;10000;0.26690000004236935638
11;guided;10000;0.26929999967251205817
12;static;10000;0.25909999976647668518
12;dynamic;10000;0.31410000019604922272
12;guided;10000;0.20230000018273130991
13;static;10000;0.30569999989893403836
13;dynamic;10000;0.37290000000211875886
13;guided;10000;0.19780000002356246114
14;static;10000;0.29150000000299769454
14;dynamic;10000;0.29940000013084500097
14;guided;10000;0.23950000013428507373
15;static;10000;0.31489999992118100636
15;dynamic;10000;0.30090000018390128389
15;guided;10000;0.31869999975242535584
16;static;10000;0.33510000002934248187
16;dynamic;10000;0.45050000016999547370
16;guided;10000;0.42489999987083137967
1;single;1000000;4.50000000000727595761
2;static;1000000;18.22099999981219298206
2;dynamic;1000000;18.46319999958723201416
2;guided;1000000;15.93050000019502476789
3;static;1000000;26.76249999967694748193
3;dynamic;1000000;14.27699999976539402269
3;guided;1000000;13.66090000010444782674
4;static;1000000;14.53320000018720747903
4;dynamic;1000000;17.00699999992139055394
4;guided;1000000;13.80900000003748573363
5;static;1000000;14.37739999983023153618
5;dynamic;1000000;16.12560000012308591977
5;guided;1000000;15.80460000013772514649
6;static;1000000;16.22550000001865555532
6;dynamic;1000000;17.85470000004352186806
6;guided;1000000;16.33189999984097084962
7;static;1000000;15.79579999997804407030
7;dynamic;1000000;17.98989999997502309270
7;guided;1000000;17.08139999982449808158
8;static;1000000;17.46769999999742140062
8;dynamic;1000000;19.38259999997171689756
8;guided;1000000;18.16360000020722509362
9;static;1000000;17.84010000028501963243
9;dynamic;1000000;19.51680000001942971721
9;guided;1000000;18.59000000013111275621
10;static;1000000;17.61919999989913776517
10;dynamic;1000000;19.34860000028493232094
10;guided;1000000;17.47230000000854488462
11;static;1000000;17.73649999995541293174
11;dynamic;1000000;19.58319999994273530319
11;guided;1000000;18.12060000020210281946
12;static;1000000;17.65939999995680409484
12;dynamic;1000000;19.27949999981137807481
12;guided;1000000;18.29300000008515780792
13;static;1000000;17.78060000015102559701
13;dynamic;1000000;19.46050000015020486899
13;guided;1000000;18.85889999994105892256
14;static;1000000;18.39010000003327149898
14;dynamic;1000000;19.13300000023809843697
14;guided;1000000;18.20820000011735828593
15;static;1000000;17.31220000010580406524
15;dynamic;1000000;19.48459999994156532921
15;guided;1000000;17.96130000002449378371
16;static;1000000;17.61970000006840564311
16;dynamic;1000000;19.36729999988529016264
16;guided;1000000;17.81740000024001346901
1;single;100;0.00069999987317714840
2;static;100;0.28710000015053083189
2;dynamic;100;0.00280000040220329538
2;guided;100;0.00290000025415793061
3;static;100;0.03569999989849748090
3;dynamic;100;0.00309999995806720108
3;guided;100;0.00599999975747778080
4;static;100;0.02969999968627234921
4;dynamic;100;0.00619999991613440216
4;guided;100;0.00469999986307811923
5;static;100;0.03289999995104153641
5;dynamic;100;0.00540000019100261852
5;guided;100;0.00579999959882115945
6;static;100;0.03199999991920776665
6;dynamic;100;0.00589999990552314557
6;guided;100;0.00529999988430063240
7;static;100;0.05009999995309044607
7;dynamic;100;0.00540000019100261852
7;guided;100;0.00870000030772644095
8;static;100;0.04339999986768816598
8;dynamic;100;0.00350000027538044378
8;guided;100;0.00349999982063309290
9;static;100;0.10950000023512984626
9;dynamic;100;0.17129999969256459735
9;guided;100;0.16759999971327488311
10;static;100;0.23349999992205994204
10;dynamic;100;0.10389999988547060639
10;guided;100;0.18980000004376051947
11;static;100;0.23689999989073839970
11;dynamic;100;0.20450000010896474123
11;guided;100;0.20930000027874484658
12;static;100;0.24839999969117343426
12;dynamic;100;0.23080000028130598366
12;guided;100;0.22269999999480205588
13;static;100;0.26419999994686804712
13;dynamic;100;0.25050000022019958124
13;guided;100;0.25420000019948929548
14;static;100;0.29869999980292050168
14;dynamic;100;0.26729999990493524820
14;guided;100;0.27039999986300244927
15;static;100;0.32280000004902831279
15;dynamic;100;0.15230000008159549907
15;guided;100;0.28789999987566261552
16;static;100;0.32779999992271768861
16;dynamic;100;0.30599999990954529494
16;guided;100;0.30859999969834461808
1;single;10000;0.04459999991013319232
2;static;10000;0.20780000022568856366
2;dynamic;10000;0.19419999989622738212
2;guided;10000;0.20129999984419555403
3;static;10000;0.15409999969051568769
3;dynamic;10000;0.09260000024369219318
3;guided;10000;0.08430000025327899493
4;static;10000;0.19590000010794028640
4;dynamic;10000;0.18970000019180588424
4;guided;10000;0.16189999996640835889
5;static;10000;0.16849999974510865286
5;dynamic;10000;0.12830000014218967408
5;guided;10000;0.11419999964346061461
6;static;10000;0.16150000010384246707
6;dynamic;10000;0.13660000013260287233
6;guided;10000;0.17090000028474605642
7;static;10000;0.16490000007252092473
7;dynamic;10000;0.16610000011496595107
7;guided;10000;0.16259999983958550729
8;static;10000;0.18500000032872776501
8;dynamic;10000;0.17650000017965794541
8;guided;10000;0.22390000003724708222
9;static;10000;0.29459999996106489561
9;dynamic;10000;0.18129999989469069988
9;guided;10000;0.27580000005400506780
10;static;10000;0.22630000012213713489
10;dynamic;10000;0.22559999979421263561
10;guided;10000;0.22589999980482389219
11;static;10000;0.22820000003775930963
11;dynamic;10000;0.20640000002458691597
11;guided;10000;0.28990000009798677638
12;static;10000;0.24840000014592078514
12;dynamic;10000;0.26129999969271011651
12;guided;10000;0.26870000010603689589
13;static;10000;0.26529999968261108734
13;dynamic;10000;0.22579999995286925696
13;guided;10000;0.33590000020922161639
14;static;10000;0.29970000014145625755
14;dynamic;10000;0.15859999984968453646
14;guided;10000;0.29480000011972151697
15;static;10000;0.30509999987771152519
15;dynamic;10000;0.26340000022173626348
15;guided;10000;0.31140000010054791346
16;static;10000;0.35660000003190361895
16;dynamic;10000;0.28770000017175334506
16;guided;10000;0.32300000020768493414
1;single;1000000;4.50050000017654383555
2;static;1000000;18.81539999976666877046
2;dynamic;1000000;17.31509999990521464497
2;guided;1000000;17.36709999977392726578
3;static;1000000;12.32759999993504607119
3;dynamic;1000000;12.54900000003544846550
3;guided;1000000;9.10250000015366822481
4;static;1000000;14.73319999968225602061
4;dynamic;1000000;16.45550000012008240446
4;guided;1000000;14.71569999966959585436
5;static;1000000;15.23510000015448895283
5;dynamic;1000000;16.94279999992431839928
5;guided;1000000;15.17079999985071481206
6;static;1000000;16.59670000026380876079
6;dynamic;1000000;17.68259999971633078530
6;guided;1000000;16.45179999968604533933
7;static;1000000;16.51079999965077149682
7;dynamic;1000000;17.59390000006533227861
7;guided;1000000;16.87659999970492208377
8;static;1000000;18.22100000026694033295
8;dynamic;1000000;19.86930000020947773010
8;guided;1000000;18.24169999963487498462
9;static;1000000;18.63800000000992440619
9;dynamic;1000000;19.26670000011654337868
9;guided;1000000;18.27619999994567479007
10;static;1000000;17.88720000013199751265
10;dynamic;1000000;19.24729999973351368681
10;guided;1000000;18.14620000004651956260
11;static;1000000;17.80730000018593273126
11;dynamic;1000000;19.08529999991515069269
11;guided;1000000;18.18270000012489617802
12;static;1000000;18.00389999971230281517
12;dynamic;1000000;19.37520000001313746907
12;guided;1000000;18.29679999991640215740
13;static;1000000;17.88529999976162798703
13;dynamic;1000000;19.35439999988375348039
13;guided;1000000;18.47190000034970580600
14;static;1000000;17.85300000028655631468
14;dynamic;1000000;19.82369999996080878191
14;guided;1000000;18.14950000016324338503
15;static;1000000;18.57450000034077675082
15;dynamic;1000000;19.29679999966538161971
15;guided;1000000;17.91669999965961324051
16;static;1000000;17.40810000001147272997
16;dynamic;1000000;19.23469999974258826114
16;guided;1000000;17.50069999980041757226
1;single;100;0.00069999987317714840
2;static;100;0.30570000035368138924
2;dynamic;100;0.00360000012733507901
2;guided;100;0.00259999978879932314
3;static;100;0.03700000024764449336
3;dynamic;100;0.00560000034965923987
3;guided;100;0.00490000002173474059
4;static;100;0.03119999973932863213
4;dynamic;100;0.01840000004449393600
4;guided;100;0.00600000021222513169
5;static;100;0.04150000040681334212
5;dynamic;100;0.00650000038149300963
5;guided;100;0.00599999975747778080
6;static;100;0.03740000011021038517
6;dynamic;100;0.00410000029660295695
6;guided;100;0.00810000028650392778
7;static;100;0.05760000021837186068
7;dynamic;100;0.00679999993735691532
7;guided;100;0.00729999965187744237
8;static;100;0.05420000024969340302
8;dynamic;100;0.00730000010662479326
8;guided;100;0.00490000002173474059
9;static;100;1.58540000029461225495
9;dynamic;100;0.16779999987193150446
9;guided;100;0.16770000001997686923
10;static;100;0.19969999993918463588
10;dynamic;100;0.19089999977950355969
10;guided;100;0.18689999978960258886
11;static;100;0.21909999986746697687
11;dynamic;100;0.20719999974971869960
11;guided;100;0.21140000035302364267
12;static;100;0.26550000029601505958
12;dynamic;100;0.22940000008020433597
12;guided;100;0.22889999991093645804
13;static;100;0.25969999978769919835
13;dynamic;100;0.24799999982860754244
13;guided;100;0.24840000014592078514
14;static;100;0.29799999992974335328
14;dynamic;100;0.14409999994313693605
14;guided;100;0.27159999990544747561
15;static;100;0.30719999995199032128
15;dynamic;100;0.29429999995045363903
15;guided;100;0.29080000012982054614
16;static;100;0.33110000003944151103
16;dynamic;100;0.30999999989944626577
16;guided;100;0.30599999990954529494
1;single;10000;0.06540000003951718099
2;static;10000;0.19620000011855154298
2;dynamic;10000;0.18050000016955891624
2;guided;10000;0.19450000036158598959
3;static;10000;0.15930000017760903575
3;dynamic;10000;0.10040000006483751349
3;guided;10000;0.10079999992740340531
4;static;10000;0.15910000001895241439
4;dynamic;10000;0.19139999994877143763
4;guided;10000;0.13900000021749292500
5;static;10000;0.14400000009118230082
5;dynamic;10000;0.14800000008108327165
5;guided;10000;0.12470000001485459507
6;static;10000;0.16890000006242189556
6;dynamic;10000;0.17500000012660166249
6;guided;10000;0.13639999997394625098
7;static;10000;0.19730000030904193409
7;dynamic;10000;0.14549999968949123286
7;guided;10000;0.12800000013157841749
8;static;10000;0.18959999988510389812
8;dynamic;10000;0.18799999998009297997
8;guided;10000;0.17559999969307682477
9;static;10000;0.21089999972900841385
9;dynamic;10000;0.27159999990544747561
9;guided;10000;0.24739999980738502927
10;static;10000;0.20529999983409652486
10;dynamic;10000;0.29150000000299769454
10;guided;10000;0.20970000014131073840
11;static;10000;0.23929999997562845238
11;dynamic;10000;0.27790000012828386389
11;guided;10000;0.20649999987654155120
12;static;10000;0.25370000003022141755
12;dynamic;10000;0.32540000029257498682
12;guided;10000;0.21479999986695474945
13;static;10000;0.26409999964016606100
13;dynamic;10000;0.37640000027749920264
13;guided;10000;0.21839999999428982846
14;static;10000;0.28250000013940734789
14;dynamic;10000;0.32839999994394020177
14;guided;10000;0.26799999977811239660
15;static;10000;0.30460000016319099814
15;dynamic;10000;0.34370000003036693670
15;guided;10000;0.30730000025869230740
16;static;10000;0.32400000009147333913
16;dynamic;10000;0.28750000001309672371
16;guided;10000;0.33530000018799910322
1;single;1000000;4.46549999969647615217
2;static;1000000;13.03969999980836291797
2;dynamic;1000000;4.26679999964107992128
2;guided;1000000;3.79380000003948225640
3;static;1000000;8.96610000017972197384
3;dynamic;1000000;10.96520000010059447959
3;guided;1000000;10.94079999984387541190
4;static;1000000;11.43380000030447263271
4;dynamic;1000000;16.52280000007522176020
4;guided;1000000;15.27010000017980928533
5;static;1000000;15.26509999985137255862
5;dynamic;1000000;17.77360000005501206033
5;guided;1000000;15.24539999991247896105
6;static;1000000;16.48220000015498953871
6;dynamic;1000000;17.96729999978197156452
6;guided;1000000;17.40309999968303600326
7;static;1000000;17.68760000004476751201
7;dynamic;1000000;18.37329999989378848113
7;guided;1000000;17.02419999992343946360
8;static;1000000;16.50879999988319468684
8;dynamic;1000000;20.65919999995458056219
8;guided;1000000;18.54090000006181071512
9;static;1000000;18.33949999991091317497
9;dynamic;1000000;19.37930000030974042602
9;guided;1000000;18.69960000021819723770
10;static;1000000;17.93349999979909625836
10;dynamic;1000000;19.39589999983581947163
10;guided;1000000;18.10459999978775158525
11;static;1000000;17.43350000015198020265
11;dynamic;1000000;18.66119999976945109665
11;guided;1000000;17.61020000003554741852
12;static;1000000;17.76350000000093132257
12;dynamic;1000000;19.55929999985528411344
12;guided;1000000;18.53989999972327495925
13;static;1000000;17.69009999998161219992
13;dynamic;1000000;19.26230000026407651603
13;guided;1000000;18.30070000005434849299
14;static;1000000;18.09780000030514202081
14;dynamic;1000000;19.72630000000208383426
14;guided;1000000;18.01440000008369679563
15;static;1000000;18.33310000029086950235
15;dynamic;1000000;19.43019999998796265572
15;guided;1000000;18.47959999986414914019
16;static;1000000;17.86190000029819202609
16;dynamic;1000000;19.24489999964862363413
16;guided;1000000;17.73920000005091424100
1;single;100;0.00080000017987913452
2;static;100;0.22330000001602456905
2;dynamic;100;0.00430000000051222742
2;guided;100;0.00240000008489005268
3;static;100;0.03340000012030941434
3;dynamic;100;0.00279999994745594449
3;guided;100;0.00589999990552314557
4;static;100;0.04319999970903154463
4;dynamic;100;0.00580000005356851034
4;guided;100;0.00639999962004367262
5;static;100;0.03349999997226404957
5;dynamic;100;0.00629999976808903739
5;guided;100;0.01830000019253930077
6;static;100;0.04679999983636662364
6;dynamic;100;0.01120000024457112886
6;guided;100;0.00490000002173474059
7;static;100;0.05670000018653809093
7;dynamic;100;0.01789999987522605807
7;guided;100;0.00259999978879932314
8;static;100;0.05360000022847088985
8;dynamic;100;0.00339999996867845766
8;guided;100;0.00339999996867845766
9;static;100;0.08859999979904387146
9;dynamic;100;0.16779999987193150446
9;guided;100;0.16809999988254276104
10;static;100;0.21859999969819909893
10;dynamic;100;0.10450000036144047044
10;guided;100;0.21389999983512097970
11;static;100;0.21820000029038055800
11;dynamic;100;0.20300000005590845831
11;guided;100;0.21240000023681204766
12;static;100;0.25589999995645484887
12;dynamic;100;0.24359999997614067979
12;guided;100;0.23000000010142684914
13;static;100;0.26780000007420312613
13;dynamic;100;0.24960000018836581148
13;guided;100;0.24740000026213238016
14;static;100;0.30270000024756882340
14;dynamic;100;0.26800000023285974748
14;guided;100;0.27940000018134014681
15;static;100;0.31879999960437999107
15;dynamic;100;0.15549999989161733538
15;guided;100;0.28870000005554175004
16;static;100;0.32330000021829619072
16;dynamic;100;0.31000000035419361666
16;guided;100;0.31119999994189129211
1;single;10000;0.04449999960343120620
2;static;10000;0.22029999990991200320
2;dynamic;10000;0.18339999996896949597
2;guided;10000;0.19160000010742805898
3;static;10000;0.16770000001997686923
3;dynamic;10000;0.11530000028869835660
3;guided;10000;0.09000000000014551915
4;static;10000;0.18619999991642544046
4;dynamic;10000;0.19560000009732902981
4;guided;10000;0.15600000006088521332
5;static;10000;0.12019999985568574630
5;dynamic;10000;0.11480000011943047866
5;guided;10000;0.11979999999311985448
6;static;10000;0.15209999992293887772
6;dynamic;10000;0.16229999982897425070
6;guided;10000;0.12610000021595624276
7;static;10000;0.14469999996435944922
7;dynamic;10000;0.17620000016904668882
7;guided;10000;0.15310000026147463359
8;static;10000;0.18659999977899133228
8;dynamic;10000;0.19969999993918463588
8;guided;10000;0.16299999970215139911
9;static;10000;0.21530000003622262739
9;dynamic;10000;0.22549999994225800037
9;guided;10000;0.25169999980789725669
10;static;10000;0.22540000009030336514
10;dynamic;10000;0.20079999967492767610
10;guided;10000;0.23949999967953772284
11;static;10000;0.22910000006959307939
11;dynamic;10000;0.26580000030662631616
11;guided;10000;0.25689999984024325386
12;static;10000;0.24229999962699366733
12;dynamic;10000;0.34020000020973384380
12;guided;10000;0.18920000002253800631
13;static;10000;0.26560000014796969481
13;dynamic;10000;0.24469999971188372001
13;guided;10000;0.28990000009798677638
14;static;10000;0.31319999970946810208
14;dynamic;10000;0.24870000015653204173
14;guided;10000;0.33720000010362127796
15;static;10000;0.30909999986761249602
15;dynamic;10000;0.30489999971905490384
15;guided;10000;0.27619999991657095961
16;static;10000;0.33699999994496465661
16;dynamic;10000;0.25239999968107440509
16;guided;10000;0.40549999994254903868
1;single;1000000;4.49070000013307435438
2;static;1000000;18.99179999963962472975
2;dynamic;1000000;17.74350000005142646842
2;guided;1000000;18.57330000029833172448
3;static;1000000;13.47290000012435484678
3;dynamic;1000000;12.63639999979204731062
3;guided;1000000;11.70239999964906019159
4;static;1000000;15.33759999983885791153
4;dynamic;1000000;17.33539999986533075571
4;guided;1000000;16.17149999992761877365
5;static;1000000;14.49219999994966201484
5;dynamic;1000000;17.46860000002925517038
5;guided;1000000;16.37649999975110404193
6;static;1000000;16.93829999976514955051
6;dynamic;1000000;17.98710000002756714821
6;guided;1000000;16.78419999961988651194
7;static;1000000;17.09950000031312811188
7;dynamic;1000000;18.09289999982865992934
7;guided;1000000;17.58109999991575023159
8;static;1000000;16.89090000036230776459
8;dynamic;1000000;20.48939999986032489687
8;guided;1000000;18.66900000004534376785
9;static;1000000;18.34830000007059425116
9;dynamic;1000000;19.60390000022016465664
9;guided;1000000;18.46639999985200120136
10;static;1000000;17.88800000031187664717
10;dynamic;1000000;19.24049999979615677148
10;guided;1000000;18.54809999986173352227
11;static;1000000;18.02990000032878015190
11;dynamic;1000000;19.07690000007278285921
11;guided;1000000;18.69190000024900655262
12;static;1000000;17.86089999995965627022
12;dynamic;1000000;19.63309999973716912791
12;guided;1000000;18.84419999987585470080
13;static;1000000;18.54199999979755375534
13;dynamic;1000000;19.16519999986121547408
13;guided;1000000;18.15669999996316619217
14;static;1000000;17.94220000010682269931
14;dynamic;1000000;19.82390000011946540326
14;guided;1000000;18.25409999992189113982
15;static;1000000;18.15149999993082019500
15;dynamic;1000000;19.44789999970453209244
15;guided;1000000;17.96719999993001692928
16;static;1000000;17.25230000010924413800
16;dynamic;1000000;19.12050000009912764654
16;guided;1000000;17.43680000026870402507
1;single;100;0.00069999987317714840
2;static;100;0.17470000011599040590
2;dynamic;100;0.00160000035975826904
2;guided;100;0.00130000034914701246
3;static;100;0.03719999995155376382
3;dynamic;100;0.00200000022232416086
3;guided;100;0.00349999982063309290
4;static;100;0.03129999959128326736
4;dynamic;100;0.00890000001163571142
4;guided;100;0.00359999967258772813
5;static;100;0.02929999982370645739
5;dynamic;100;0.00620000037088175304
5;guided;100;0.01229999998031416908
6;static;100;0.02799999992930679582
6;dynamic;100;0.00980000004346948117
6;guided;100;0.02099999983329325914
7;static;100;0.03139999989798525348
7;dynamic;100;0.00689999978931155056
7;guided;100;0.00820000013845856301
8;static;100;0.03310000010969815776
8;dynamic;100;0.00309999995806720108
8;guided;100;0.00619999991613440216
9;static;100;0.05610000016531557776
9;dynamic;100;0.17290000005232286640
9;guided;100;0.17030000026352354325
10;static;100;0.19980000024588662200
10;dynamic;100;0.18829999999070423655
10;guided;100;0.18730000010691583157
11;static;100;0.23839999994379468262
11;dynamic;100;0.22360000002663582563
11;guided;100;0.21440000000438885763
12;static;100;0.26399999978821142577
12;dynamic;100;0.12440000000424333848
12;guided;100;0.26939999997921404429
13;static;100;0.28259999999136198312
13;dynamic;100;0.26720000005298061296
13;guided;100;0.25749999986146576703
14;static;100;0.30409999999392312020
14;dynamic;100;0.33030000031430972740
14;guided;100;0.27150000005349284038
15;static;100;0.30890000016370322555
15;dynamic;100;0.33009999970090575516
15;guided;100;0.29570000015155528672
16;static;100;0.34900000036941491999
16;dynamic;100;0.31330000001617008820
16;guided;100;0.38960000028964714147
1;single;10000;0.06489999987024930306
2;static;10000;0.25779999987207702361
2;dynamic;10000;0.19150000025547342375
2;guided;10000;0.19180000026608468033
3;static;10000;0.13170000011086813174
3;dynamic;10000;0.10069999962070141919
3;guided;10000;0.10420000035082921386
4;static;10000;0.12740000011035590433
4;dynamic;10000;0.18079999972542282194
4;guided;10000;0.16120000009323121049
5;static;10000;0.15310000026147463359
5;dynamic;10000;0.16259999983958550729
5;guided;10000;0.13980000039737205952
6;static;10000;0.16009999990274081938
6;dynamic;10000;0.15660000008210772648
6;guided;10000;0.15789999997650738806
7;static;10000;0.16640000012557720765
7;dynamic;10000;0.15929999972286168486
7;guided;10000;0.15429999984917230904
8;static;10000;0.18380000028628273867
8;dynamic;10000;1.77849999954560189508
8;guided;10000;1.05709999979808344506
9;static;10000;0.22309999985736794770
9;dynamic;10000;0.34890000006271293387
9;guided;10000;0.21890000016355770640
10;static;10000;0.21220000007815542631
10;dynamic;10000;0.25709999999889987521
10;guided;10000;0.30409999999392312020
11;static;10000;0.28759999986505135894
11;dynamic;10000;0.25920000007317867130
11;guided;10000;0.18430000000080326572
12;static;10000;0.25510000023132306524
12;dynamic;10000;0.35059999981967848726
12;guided;10000;0.19609999981184955686
13;static;10000;0.30059999971854267642
13;dynamic;10000;0.25260000029447837733
13;guided;10000;0.33970000004046596587
14;static;10000;0.28500000007625203580
14;dynamic;10000;0.34450000021024607122
14;guided;10000;0.23529999998572748154
15;static;10000;0.30659999993076780811
15;dynamic;10000;0.32430000010208459571
15;guided;10000;0.33359999997628619894
16;static;10000;0.38099999983387533575
16;dynamic;10000;0.30240000023695756681
16;guided;10000;0.36269999964133603498
1;single;1000000;4.51909999992494704202
2;static;1000000;18.90269999967131298035
2;dynamic;1000000;17.78400000011970405467
2;guided;1000000;13.64149999972141813487
3;static;1000000;11.05169999982535955496
3;dynamic;1000000;12.77600000003076274879
3;guided;1000000;9.94839999975738464855
4;static;1000000;14.82850000002144952305
4;dynamic;1000000;16.69039999978849664330
4;guided;1000000;14.09090000015567056835
5;static;1000000;15.73899999993955134414
5;dynamic;1000000;16.50399999971341458149
5;guided;1000000;15.44139999987237388268
6;static;1000000;15.78830000016751000658
6;dynamic;1000000;17.97680000026957713999
6;guided;1000000;16.75279999972190125845
7;static;1000000;16.52770000009695650078
7;dynamic;1000000;17.45830000027126516216
7;guided;1000000;16.14930000005188048817
8;static;1000000;16.94249999991370714270
8;dynamic;1000000;19.20040000004519242793
8;guided;1000000;17.93390000011640950106
9;static;1000000;18.21000000018102582544
9;dynamic;1000000;19.45249999971565557644
9;guided;1000000;18.39930000005551846698
10;static;1000000;18.17389999996521510184
10;dynamic;1000000;19.01350000025558983907
10;guided;1000000;17.83599999998841667548
11;static;1000000;17.23360000005413894542
11;dynamic;1000000;19.03360000005704932846
11;guided;1000000;17.91940000020986190066
12;static;1000000;17.97680000026957713999
12;dynamic;1000000;19.33359999975436949171
12;guided;1000000;18.00520000006144982763
13;static;1000000;17.95540000011897063814
13;dynamic;1000000;19.33049999979630229063
13;guided;1000000;18.00199999979668064043
14;static;1000000;18.04790000005596084520
14;dynamic;1000000;19.50579999993351520970
14;guided;1000000;18.37939999995796824805
15;static;1000000;18.01109999996697297320
15;dynamic;1000000;19.13190000004760804586
15;guided;1000000;17.72520000031363451853
16;static;1000000;17.81590000018695718609
16;dynamic;1000000;19.24379999991288059391
16;guided;1000000;17.70390000001498265192
1;single;100;0.00089999957708641887
2;static;100;0.16659999982948647812
2;dynamic;100;0.00500000032843672670
2;guided;100;0.00239999963014270179
3;static;100;0.05760000021837186068
3;dynamic;100;0.00369999997928971425
3;guided;100;0.00389999968319898471
4;static;100;0.03710000009959912859
4;dynamic;100;0.01999999994950485416
4;guided;100;0.00289999979941057973
5;static;100;0.03279999964433955029
5;dynamic;100;0.00299999965136521496
5;guided;100;0.01900000006571644917
6;static;100;0.03089999972871737555
6;dynamic;100;0.01870000005510519259
6;guided;100;0.02020000010816147551
7;static;100;0.03359999982421868481
7;dynamic;100;0.00729999965187744237
7;guided;100;0.01290000000153668225
8;static;100;0.04690000014306860976
8;dynamic;100;0.02189999986512702890
8;guided;100;0.00680000039210426621
9;static;100;0.08010000010472140275
9;dynamic;100;0.17300000035902485251
9;guided;100;0.17040000011547817849
10;static;100;0.21319999996194383129
10;dynamic;100;0.19150000025547342375
10;guided;100;0.19089999977950355969
11;static;100;0.24230000008174101822
11;dynamic;100;0.21100000003571039997
11;guided;100;0.12980000019524595700
12;static;100;0.24980000034702243283
12;dynamic;100;0.23959999998623970896
12;guided;100;0.23020000026008347049
13;static;100;0.26990000014848192222
13;dynamic;100;0.25020000020958832465
13;guided;100;0.24960000018836581148
14;static;100;0.29010000025664339773
14;dynamic;100;0.27320000026520574465
14;guided;100;0.26969999998982530087
15;static;100;0.31450000005861511454
15;dynamic;100;0.15410000014526303858
15;guided;100;0.28950000023542088456
16;static;100;0.32599999985905014910
16;dynamic;100;0.31089999993128003553
16;guided;100;0.29979999999341089278
1;single;10000;0.04439999975147657096
2;static;10000;0.23289999990083742887
2;dynamic;10000;0.20889999996143160388
2;guided;10000;0.18019999970420030877
3;static;10000;0.15239999993355013430
3;dynamic;10000;0.11599999970712815411
3;guided;10000;0.10360000032960670069
4;static;10000;0.17290000005232286640
4;dynamic;10000;0.18329999966226750985
4;guided;10000;0.17739999975674436428
5;static;10000;0.11680000034175463952
5;dynamic;10000;0.10870000005525071174
5;guided;10000;0.11680000034175463952
6;static;10000;0.17369999977745465003
6;dynamic;10000;0.18599999975776881911
6;guided;10000;0.15149999990171636455
7;static;10000;0.17569999999977881089
7;dynamic;10000;0.17470000011599040590
7;guided;10000;0.11560000029930961318
8;static;10000;0.19329999986439361237
8;dynamic;10000;0.15919999987090704963
8;guided;10000;0.53260000004229368642
9;static;10000;0.21479999986695474945
9;dynamic;10000;0.27679999993779347278
9;guided;10000;0.22300000000541331246
10;static;10000;0.22130000024844775908
10;dynamic;10000;0.21930000002612359822
10;guided;10000;0.33539999958520638756
11;static;10000;0.26049999996757833287
11;dynamic;10000;0.29370000038397847675
11;guided;10000;0.21949999973003286868
12;static;10000;0.31009999975140090100
12;dynamic;10000;0.27980000004390603863
12;guided;10000;0.33179999991261865944
13;static;10000;0.29649999987668707035
13;dynamic;10000;0.23119999968912452459
13;guided;10000;0.37479999991774093360
14;static;10000;0.32690000034563126974
14;dynamic;10000;0.20790000007764319889
14;guided;10000;0.32790000022941967472
15;static;10000;0.37299999985407339409
15;dynamic;10000;0.28049999991708318703
15;guided;10000;0.32740000006015179679
16;static;10000;0.46339999971678480506
16;dynamic;10000;0.41809999993347446434
16;guided;10000;0.39509999987785704434
1;single;1000000;5.33550000000104773790
2;static;1000000;17.32530000026599736884
2;dynamic;1000000;17.49180000024352921173
2;guided;1000000;4.42829999974492238835
3;static;1000000;9.75130000006174668670
3;dynamic;1000000;12.40529999995487742126
3;guided;1000000;10.74070000004212488420
4;static;1000000;16.07830000011745141819
4;dynamic;1000000;17.22250000011626980267
4;guided;1000000;16.73189999974056263454
5;static;1000000;16.32089999975505634211
5;dynamic;1000000;16.84520000026168418117
5;guided;1000000;16.90759999974034144543
6;static;1000000;16.70190000004367902875
6;dynamic;1000000;18.18890000004103058018
6;guided;1000000;17.26510000025882618502
7;static;1000000;17.56350000005113543011
7;dynamic;1000000;18.11219999990498763509
7;guided;1000000;17.54310000023906468414
8;static;1000000;17.27229999960400164127
8;dynamic;1000000;19.66859999993175733835
8;guided;1000000;18.99170000024241744541
9;static;1000000;18.31790000005639740266
9;dynamic;1000000;19.70810000011624651961
9;guided;1000000;18.85600000014164834283
10;static;1000000;17.89460000009057694115
10;dynamic;1000000;19.29359999985535978340
10;guided;1000000;17.96130000002449378371
11;static;1000000;17.49070000005303882062
11;dynamic;1000000;18.86639999975159298629
11;guided;1000000;17.98619999999573337846
12;static;1000000;17.74149999982910230756
12;dynamic;1000000;19.69640000015715486370
12;guided;1000000;18.06709999982558656484
13;static;1000000;17.89580000013302196749
13;dynamic;1000000;19.68200000010256189853
13;guided;1000000;18.35410000012416276149
14;static;1000000;18.81649999995715916157
14;dynamic;1000000;19.15349999990212381817
14;guided;1000000;18.63339999999880092219
15;static;1000000;18.81210000010469229892
15;dynamic;1000000;19.90870000008726492524
15;guided;1000000;19.16100000016740523279
16;static;1000000;18.43290000033448450267
16;dynamic;1000000;18.91010000008463975973
16;guided;1000000;17.56639999985054600984
1;single;100;0.00070000032792449929
2;static;100;0.19259999999121646397
2;dynamic;100;0.00410000029660295695
2;guided;100;0.00260000024354667403
3;static;100;0.06070000017643906176
3;dynamic;100;0.00279999994745594449
3;guided;100;0.00229999977818806656
4;static;100;0.07869999990361975506
4;dynamic;100;0.00240000008489005268
4;guided;100;0.00659999977870029397
5;static;100;0.03579999975045211613
5;dynamic;100;0.00480000016978010535
5;guided;100;0.00509999972564401105
6;static;100;0.03419999984544119798
6;dynamic;100;0.00679999993735691532
6;guided;100;0.00589999990552314557
7;static;100;0.03180000021529849619
7;dynamic;100;0.01900000006571644917
7;guided;100;0.00629999976808903739
8;static;100;0.26030000026366906241
8;dynamic;100;0.00819999968371121213
8;guided;100;0.00719999979992280714
9;static;100;0.10669999983292655088
9;dynamic;100;0.18300000010640360415
9;guided;100;0.17370000023220200092
10;static;100;0.21750000041720340960
10;dynamic;100;0.10299999985363683663
10;guided;100;0.21209999977145344019
11;static;100;0.21729999980379943736
11;dynamic;100;0.20380000023578759283
11;guided;100;0.20529999983409652486
12;static;100;0.24189999976442777552
12;dynamic;100;0.23469999996450496837
12;guided;100;0.23039999996399274096
13;static;100;0.27060000002165907063
13;dynamic;100;0.24890000031518866308
13;guided;100;0.24660000008225324564
14;static;100;0.29859999995096586645
14;dynamic;100;0.14390000023922766559
14;guided;100;0.28479999991759541444
15;static;100;0.30270000024756882340
15;dynamic;100;0.28599999996004044078
15;guided;100;0.28840000004493049346
16;static;100;0.33010000015565310605
16;dynamic;100;0.30530000003636814654
16;guided;100;0.30489999971905490384
1;single;10000;0.04460000036488054320
2;static;10000;0.18480000017007114366
2;dynamic;10000;0.19729999985429458320
2;guided;10000;0.17740000021149171516
3;static;10000;0.11129999984405003488
3;dynamic;10000;0.11270000004515168257
3;guided;10000;0.09289999979955609888
4;static;10000;0.15399999983856105246
4;dynamic;10000;0.19469999961074790917
4;guided;10000;0.15090000033524120227
5;static;10000;0.14600000031350646168
5;dynamic;10000;0.17519999983051093295
5;guided;10000;0.12829999968744232319
6;static;10000;0.16549999963899608701
6;dynamic;10000;0.17220000017914571799
6;guided;10000;0.13630000012199161574
7;static;10000;0.16959999993559904397
7;dynamic;10000;0.12579999975059763528
7;guided;10000;0.14310000005934853107
8;static;10000;0.18020000015894765966
8;dynamic;10000;0.18850000014936085790
8;guided;10000;0.15779999966980540194
9;static;10000;0.22149999995235702954
9;dynamic;10000;0.30240000023695756681
9;guided;10000;0.18229999977847910486
10;static;10000;0.20910000012008822523
10;dynamic;10000;0.29690000019400031306
10;guided;10000;0.17030000026352354325
11;static;10000;0.22160000025905901566
11;dynamic;10000;0.27129999989483621903
11;guided;10000;0.19490000022415188141
12;static;10000;0.24699999994481913745
12;dynamic;10000;0.29189999986556358635
12;guided;10000;0.35900000011679367162
13;static;10000;0.28150000025561894290
13;dynamic;10000;0.23779999992257216945
13;guided;10000;0.25659999982963199727
14;static;10000;0.28530000008686329238
14;dynamic;10000;0.35119999984090100043
14;guided;10000;0.37629999997079721652
15;static;10000;0.32750000036685378291
15;dynamic;10000;0.22170000011101365089
15;guided;10000;0.26909999996860278770
16;static;10000;0.33359999997628619894
16;dynamic;10000;0.31330000001617008820
16;guided;10000;0.32900000041991006583
1;single;1000000;4.56560000020544975996
2;static;1000000;17.95709999987593619153
2;dynamic;1000000;17.82920000005105976015
2;guided;1000000;17.60409999997136765160
3;static;1000000;11.32659999984753085300
3;dynamic;1000000;12.97339999973701196723
3;guided;1000000;11.60129999971104552969
4;static;1000000;14.44549999996525002643
4;dynamic;1000000;16.32569999992483644746
4;guided;1000000;15.10229999985313042998
5;static;1000000;15.16730000003008171916
5;dynamic;1000000;17.81950000031429226510
5;guided;1000000;15.68010000028152717277
6;static;1000000;15.41009999982634326443
6;dynamic;1000000;17.90609999989101197571
6;guided;1000000;17.09449999998469138518
7;static;1000000;17.11730000033639953472
7;dynamic;1000000;18.27300000013565295376
7;guided;1000000;17.92890000024272012524
8;static;1000000;18.41580000018439022824
8;dynamic;1000000;20.03449999983786256053
8;guided;1000000;18.77400000012130476534
9;static;1000000;17.95519999996031401679
9;dynamic;1000000;19.28889999999228166416
9;guided;1000000;18.32359999980326392688
10;static;1000000;18.10639999985141912475
10;dynamic;1000000;19.31740000009085633792
10;guided;1000000;17.81489999984842143022
11;static;1000000;17.96029999968595802784
11;dynamic;1000000;18.45610000009401119314
11;guided;1000000;17.46050000019749859348
12;static;1000000;17.62890000009065261111
12;dynamic;1000000;19.41329999999652500264
12;guided;1000000;18.26350000010279472917
13;static;1000000;18.27129999992394004948
13;dynamic;1000000;19.17909999974654056132
13;guided;1000000;18.87489999990066280589
14;static;1000000;17.71299999973052763380
14;dynamic;1000000;19.40620000004855683073
14;guided;1000000;17.92559999967124895193
15;static;1000000;17.89929999995365506038
15;dynamic;1000000;19.63430000023436150514
15;guided;1000000;18.48860000018248683773
16;static;1000000;17.57010000028458307497
16;dynamic;1000000;19.48900000024877954274
16;guided;1000000;17.24439999998139683157
1;single;100;0.00070000032792449929
2;static;100;0.26730000035968259908
2;dynamic;100;0.00279999994745594449
2;guided;100;0.00320000026476918720
3;static;100;0.03310000010969815776
3;dynamic;100;0.00289999979941057973
3;guided;100;0.01979999979084823281
4;static;100;0.03219999962311703712
4;dynamic;100;0.01799999972718069330
4;guided;100;0.00469999986307811923
5;static;100;0.02949999998236307874
5;dynamic;100;0.00630000022283638828
5;guided;100;0.01729999985400354490
6;static;100;0.03450000031079980545
6;dynamic;100;0.00319999981002183631
6;guided;100;0.00629999976808903739
7;static;100;0.03339999966556206346
7;dynamic;100;0.00719999979992280714
7;guided;100;0.00579999959882115945
8;static;100;0.05229999987932387739
8;dynamic;100;0.00580000005356851034
8;guided;100;0.00380000028599170037
9;static;100;0.08869999965099850670
9;dynamic;100;0.16919999961828580126
9;guided;100;0.16740000000936561264
10;static;100;0.22600000011152587831
10;dynamic;100;0.18990000035046250559
10;guided;100;0.19190000011803931557
11;static;100;0.23969999983819434419
11;dynamic;100;0.11399999993955134414
11;guided;100;0.21010000000387663022
12;static;100;0.23359999977401457727
12;dynamic;100;0.23019999980533611961
12;guided;100;0.23149999969973578118
13;static;100;0.26440000010552466847
13;dynamic;100;0.24899999971239594743
13;guided;100;0.25159999995594262145
14;static;100;0.28770000017175334506
14;dynamic;100;0.27039999986300244927
14;guided;100;0.26889999980994616635
15;static;100;0.31390000003739260137
15;dynamic;100;0.28669999983321758918
15;guided;100;0.28920000022480962798
16;static;100;0.34380000033706892282
16;dynamic;100;0.30870000000504660420
16;guided;100;0.31929999977364786901
1;single;10000;0.04469999976208782755
2;static;10000;0.19819999988612835295
2;dynamic;10000;0.17299999990427750163
2;guided;10000;0.20549999999275314622
3;static;10000;0.15349999966929317452
3;dynamic;10000;0.11940000013055396266
3;guided;10000;0.09790000012799282558
4;static;10000;0.15860000030443188734
4;dynamic;10000;0.19199999996999395080
4;guided;10000;0.17939999997906852514
5;static;10000;0.16060000007200869732
5;dynamic;10000;0.13589999980467837304
5;guided;10000;0.09369999997943523340
6;static;10000;0.14000000010128132999
6;dynamic;10000;0.17209999987244373187
6;guided;10000;0.17179999986183247529
7;static;10000;0.17209999987244373187
7;dynamic;10000;0.15910000001895241439
7;guided;10000;0.15410000014526303858
8;static;10000;0.17399999978806590661
8;dynamic;10000;0.17269999989366624504
8;guided;10000;0.14920000012352829799
9;static;10000;0.21669999978257692419
9;dynamic;10000;0.26310000021112500690
9;guided;10000;0.30030000016267877072
10;static;10000;0.22809999973105732352
10;dynamic;10000;0.20379999978104024194
10;guided;10000;0.25479999976596445777
11;static;10000;0.24269999994430691004
11;dynamic;10000;0.22360000002663582563
11;guided;10000;0.22350000017468119040
12;static;10000;0.25000000005093170330
12;dynamic;10000;0.28780000002370798029
12;guided;10000;0.22990000024947221391
13;static;10000;0.27989999989586067386
13;dynamic;10000;0.29250000034153345041
13;guided;10000;0.31189999981506844051
14;static;10000;0.27950000003329478204
14;dynamic;10000;0.31220000028042704798
14;guided;10000;0.27530000033948454075
15;static;10000;0.30839999999443534762
15;dynamic;10000;0.34490000007281196304
15;guided;10000;0.30070000002524466254
16;static;10000;0.32099999998536077328
16;dynamic;10000;0.36030000001119333319
16;guided;10000;0.32250000003841705620
1;single;1000000;4.46929999998246785253
2;static;1000000;18.86020000029020593502
2;dynamic;1000000;17.45080000000598374754
2;guided;1000000;19.51640000015686382540
3;static;1000000;10.23249999980180291459
3;dynamic;1000000;12.51079999974535894580
3;guided;1000000;10.13600000032965908758
4;static;1000000;13.70409999981347937137
4;dynamic;1000000;16.51300000003175227903
4;guided;1000000;13.94710000022314488888
5;static;1000000;14.95590000013180542737
5;dynamic;1000000;16.73179999988860799931
5;guided;1000000;15.68480000014460529201
6;static;1000000;16.13120000001799780875
6;dynamic;1000000;16.93720000002940651029
6;guided;1000000;15.67939999995360267349
7;static;1000000;16.73929999969914206304
7;dynamic;1000000;17.11089999980686116032
7;guided;1000000;15.49750000003768946044
8;static;1000000;16.18250000001353328116
8;dynamic;1000000;17.77190000029804650694
8;guided;1000000;17.54549999986920738593
9;static;1000000;17.22949999975753598846
9;dynamic;1000000;18.72090000006210175343
9;guided;1000000;17.60779999995065736584
10;static;1000000;17.64879999973345547915
10;dynamic;1000000;18.99109999976644758135
10;guided;1000000;17.79729999998380662873
11;static;1000000;17.98890000009123468772
11;dynamic;1000000;19.11279999967518961057
11;guided;1000000;16.58580000002984888852
12;static;1000000;17.98809999991135555319
12;dynamic;1000000;19.11070000005565816537
12;guided;1000000;17.85219999965192982927
13;static;1000000;17.92810000006284099072
13;dynamic;1000000;19.36150000028646900319
13;guided;1000000;18.45950000006268965080
14;static;1000000;18.91579999983150628395
14;dynamic;1000000;19.36550000027636997402
14;guided;1000000;18.33919999990030191839
15;static;1000000;17.51920000015161349438
15;dynamic;1000000;19.28429999998115818016
15;guided;1000000;18.22469999979148269631
16;static;1000000;17.53479999979390413500
16;dynamic;1000000;19.06699999972261139192
16;guided;1000000;17.89099999996324186213
